compound	2d	3d
ergoloid mesylates, usp
orgotein	Structure2D_CID_72941490.sdf
hypromellose	Structure2D_CID_24832095.sdf
dextran 70	Structure2D_CID_4125253.sdf	
camphor, (-)-	Structure2D_CID_444294.sdf	Conformer3D_CID_444294.sdf	
turpentine
prednimustine	Structure2D_CID_34457.sdf	Conformer3D_CID_34457.sdf
polyvinyl alcohol	
insulin, pork
epoetin alfa
podophyllin	Structure2D_CID_11979494.sdf
yellow phenolphthalein	Structure2D_CID_4764.sdf	Conformer3D_CID_4764.sdf
calcium polycarbophil
sesame oil
thyrotropin alfa
follicle stimulating hormone
meningococcal group b vaccine
benzoin resin
fibrinolysis inhibitor
saccharomyces boulardii
poliovirus vaccine inactivated, type 3 (saukett)
krill oil
soybean oil
hirudin
ferrous asparto glycinate
lanolin
bismuth subcitrate
glucarpidase	Structure2D_CID_21195079.sdf
hepatitis b immune globulin
apple pectin
aprotinin	Structure2D_CID_22833874.sdf
coal tar
insulin glargine	Structure2D_CID_118984454.sdf
calamine	Structure2D_CID_23083748.sdf
pentastarch
diethylene glycol	Structure2D_CID_8117.sdf	Conformer3D_CID_8117.sdf	
reteplase
parnaparin
hypromellose 2208
bacillus subtilis
sodium stibogluconate	Structure2D_CID_16683012.sdf
dornase alfa
drotrecogin alfa
solfenacin	Structure2D_CID_154059.sdf	Conformer3D_CID_154059.sdf
phosphate ion
lactobacillus reuteri
mustard oil
ethanolamine oleate	Structure2D_CID_5282489.sdf
alfalfa oil
lysozyme
oregano oil
petrolatum
nitroprusside
diacetyl benzoyl lathyrol	Structure2D_CID_10577938.sdf	Conformer3D_CID_10577938.sdf
drug_concept_name
gadobutrol	Structure2D_CID_6102852.sdf
belladonna leaf extract
canakinumab
melitracen	Structure2D_CID_25382.sdf	Conformer3D_CID_25382.sdf
lactobacillus	
glucomannan	Structure2D_CID_24892726.sdf	Conformer3D_CID_24892726.sdf
ambroxol-theophylline-7-acetate
influenza virus vaccine, inactivated a-brisbane-59-2007, ivr-148 (h1n1) strain
lactase
silicon dioxide	Structure2D_CID_24261.sdf	Conformer3D_CID_24261.sdf
hawthorn berry
chlorquinaldol	Structure2D_CID_6301.sdf	Conformer3D_CID_6301.sdf
chloride hexahydrate	Structure2D_CID_21932429.sdf
digoxin antibodies fab fragments
omega-3 fatty acids	Structure2D_CID_56842239.sdf	
zeaxanthin	Structure2D_CID_5280899.sdf	Conformer3D_CID_5280899.sdf
parsley oil
botulism antitoxin a
pipothiazine	Structure2D_CID_62867.sdf	Conformer3D_CID_62867.sdf
hydroxocobalamin	Structure2D_CID_70678542.sdf
dihydroxyaluminum sodium carbonate	Structure2D_CID_23697815.sdf
propane	Structure2D_CID_6334.sdf	Conformer3D_CID_6334.sdf
rho(d) immune globulin
glatiramer	Structure2D_CID_65370.sdf
palivizumab
molgramostim
albiglutide	Structure2D_CID_122173812.sdf
tinzaparin
iodine i-131
arnica extract
orange oil
pancreas extract
cinnamon oil, leaf
lactobacillus acidophilus
cyanocobalamin co57
fatty acids, omega-6	Structure2D_CID_56842208.sdf
pumpkin seed oil
arnica montana extract
factor viii
phospholipids
prednazoline	Structure2D_CID_72077.sdf
gold	Structure2D_CID_23985.sdf
calcium bicarbonate	Structure2D_CID_10176262.sdf
colloidal oatmeal
certoparin
peginterferon alfa-2b
gemtuzumab ozogamicin
fusafungin	Structure2D_CID_3084092.sdf	Conformer3D_CID_3084092.sdf
factor xiii
interferon alfacon-1
cuprous oxide	Structure2D_CID_14830.sdf
proteins
air
tricaprylin	Structure2D_CID_10850.sdf
lymphocyte immune globulin, anti-thymocyte globulin
ethiodized oil
ethylene oxide	Structure2D_CID_6354.sdf	Conformer3D_CID_6354.sdf
doxacurium	Structure2D_CID_60169.sdf
human vaccinia immune globulin
cyclofenil	Structure2D_CID_2898.sdf	Conformer3D_CID_2898.sdf
iron polysaccharide
rasburicase
aloe extract
epidermal growth factor
gadopentetate dimeglumine
copper	Structure2D_CID_23978.sdf
sodium gluconate	Structure2D_CID_23672301.sdf
mequinol	Structure2D_CID_9015.sdf	Conformer3D_CID_9015.sdf
yellow fever vaccine
somatropin
belladonna alkaloids
tyloxapol	Structure2D_CID_71388.sdf
samarium	Structure2D_CID_23951.sdf
nivolumab
peginterferon alfa-2a
bee pollen
lavender oil
bcg, live, tice strain
idursulfase
carboxymethylcellulose	Structure2D_CID_24748.sdf
timothy grass pollen extract
clofoctol	Structure2D_CID_2799.sdf	Conformer3D_CID_2799.sdf
pegvisomant
dextran 110
chlorophyll
iso-sulfan blue
salmon oil
grapefruit seed extract
bifidobacterium longum
ginkgo biloba leaf extract
emu oil
palifermin
niaprazine	Structure2D_CID_71919.sdf	Conformer3D_CID_71919.sdf
chromic chloride
iobenguane i-123	Structure2D_CID_135326.sdf	Conformer3D_CID_135326.sdf
milk thistle seed extract
aldesleukin
fish oils
evening primrose oil
triazulenone	Structure2D_CID_3033860.sdf	Conformer3D_CID_3033860.sdf
l1 protein, human papillomavirus type 58 vaccine
rituximab
tiropramide	Structure2D_CID_42262.sdf
orange juice
deanol	Structure2D_CID_7902.sdf	Conformer3D_CID_7902.sdf
potassium ascorbate	Structure2D_CID_23687519.sdf
beractant
carbon black
bismuth subcarbonate	Structure2D_CID_16683095.sdf
thymus oil
brentuximab vedotin
lutetium	Structure2D_CID_23929.sdf
efinaconazole	Structure2D_CID_489181.sdf	Conformer3D_CID_489181.sdf
imiglucerase
nadroparin
saw palmetto extract
sodium ferric gluconate complex
calfactant
lemon oil
tocopheryl nicotinate, d-.alpha.	Structure2D_CID_27990.sdf	Conformer3D_CID_27990.sdf
tuberculin
lactobacillus casei
streptococcus pyogenes
polysorbate 80	Structure2D_CID_5284448.sdf
ibritumomab tiuxetan	Structure2D_CID_92002593.sdf
menadiol	Structure2D_CID_10209.sdf	Conformer3D_CID_10209.sdf
cadexomer iodine
lucinactant	Structure2D_CID_129628674.sdf
isopropyl unoprostone	Structure2D_CID_5282175.sdf
stannous fluoride	Structure2D_CID_24550.sdf
oregano leaf oil
meclofenoxate	Structure2D_CID_4039.sdf	Conformer3D_CID_4039.sdf
chitosan	Structure2D_CID_71853.sdf
radium chloride ra-223
icodextrin
gamma-aminobutyrate	Structure2D_CID_119.sdf	Conformer3D_CID_119.sdf	
fibrinogen
bromine	Structure2D_CID_24408.sdf	Conformer3D_CID_24408.sdf
alexitol
thyroid (usp)
oprelvekin
ferrous carbonate	Structure2D_CID_11248.sdf
heparin	Structure2D_CID_772.sdf
hypericum extract
basil oil
streptokinase
omalizumab
zinc orotate	Structure2D_CID_108934.sdf
human skin preparation
omega-3 acid ethyl esters (usp)	Structure2D_CID_9831414.sdf
pertuzumab
typhoid vaccine live ty21a
magnesium glycinate	Structure2D_CID_84645.sdf
mecobalamin	Structure2D_CID_10898559.sdf
adrenal cortex extract
potassium sulfate	Structure2D_CID_24507.sdf
dipipanone	Structure2D_CID_13331.sdf	Conformer3D_CID_13331.sdf
gadoterate meglumine	Structure2D_CID_6918037.sdf
metreleptin
antilymphocyte immunoglobulin
polygeline
saccharomyces cerevisiae
blueberry extract
ethylene	Structure2D_CID_6325.sdf	Conformer3D_CID_6325.sdf
oxaliplatin	Structure2D_CID_43805.sdf
ocriplasmin
psyllium
cascara sagrada
paregoric
garlic preparation
silicon dioxide, colloidal	Structure2D_CID_24261.sdf	Conformer3D_CID_24261.sdf
zinc citrate	Structure2D_CID_11023.sdf
arbekacin	Structure2D_CID_68682.sdf	Conformer3D_CID_68682.sdf
salmon calcitonin	Structure2D_CID_16129616.sdf
thyme oil
lithium chloride	Structure2D_CID_433294.sdf
kerosene	
sipuleucel-t
lanthanum carbonate	Structure2D_CID_168924.sdf
apricot kernel oil
obinutuzumab
alpha tocopherol	Structure2D_CID_14985.sdf	Conformer3D_CID_14985.sdf
romiplostim
vitamin a	Structure2D_CID_445354.sdf	Conformer3D_CID_445354.sdf
polyethylene glycol 400
alglucosidase alfa
fe heme polypeptide
oxerutins
paraffin
grapefruit oil
ox bile extract
eculizumab
insulin lispro	Structure2D_CID_16132438.sdf
betaine, anhydrous	Structure2D_CID_247.sdf	Conformer3D_CID_247.sdf
potassium chlorate	Structure2D_CID_6426889.sdf
red yeast rice
serratiopeptidase
dihydroxyacetone	Structure2D_CID_670.sdf	Conformer3D_CID_670.sdf
peanut oil
belimumab
ethylene glycol	Structure2D_CID_174.sdf	Conformer3D_CID_174.sdf
2-hydroxyethyl methacrylate	Structure2D_CID_13360.sdf	Conformer3D_CID_13360.sdf
phosphorus 32	Structure2D_CID_26751.sdf
cinnamon oil
heme iron polypeptide
asparaginase
lixisenatide	Structure2D_CID_90472060.sdf
pomegranate juice
sargramostim
passiflora incarnata extract
natalizumab
interferon alfa-2b	Structure2D_CID_71306834.sdf
hetastarch	Structure2D_CID_24846132.sdf
belatacept
immunoglobulin a
lenograstim
polihexanide	Structure2D_CID_20977.sdf	Conformer3D_CID_20977.sdf
thymopentin	Structure2D_CID_451417.sdf
chondroitin sulfate (chicken)	Structure2D_CID_24766.sdf	Conformer3D_CID_24766.sdf
japanese encephalitis virus vaccine, inactivated
crofelemer
tesamorelin	Structure2D_CID_16137828.sdf
thallium	Structure2D_CID_5359464.sdf
potassium	Structure2D_CID_5462222.sdf
protamine sulfate (usp)
aluminum magnesium silicate	Structure2D_CID_3084116.sdf
magnesium silicate	Structure2D_CID_72941442.sdf
chromium picolinate	Structure2D_CID_151932.sdf
chenodeoxycholate	Structure2D_CID_10133.sdf	Conformer3D_CID_10133.sdf
lufenuron	Structure2D_CID_71777.sdf	Conformer3D_CID_71777.sdf
peruvian balsam
protein c
benorilate	Structure2D_CID_21102.sdf	Conformer3D_CID_21102.sdf
gadopentetate	Structure2D_CID_6857474.sdf
iron sucrose	Structure2D_CID_91663255.sdf
urofollitropin	Structure2D_CID_62819.sdf
bis-peg-ppg-14-14 dimethicone	Structure2D_CID_20752226.sdf
asparaginase erwinia chrysanthemi
polyethylene glycol 9000
colesevelam	Structure2D_CID_160051.sdf
succinylated gelatin
vitamin k	Structure2D_CID_5280483.sdf	Conformer3D_CID_5280483.sdf
wheat dextrin
influenza a virus
tromethamine	Structure2D_CID_6503.sdf	Conformer3D_CID_6503.sdf
triethanolamine polypeptide oleate condensate
glyceryl phosphate
heparinoids
grapefruit juice
mercury	Structure2D_CID_23931.sdf
sage oil
filgrastim
vitamin b complex
ferumoxsil
carbamide peroxide	Structure2D_CID_31294.sdf
gelatin
trimethylphloroglucinol	Structure2D_CID_193390.sdf	Conformer3D_CID_193390.sdf
amylases	
octylonium	Structure2D_CID_72092.sdf
starch
protein s
streptodornase
collagenase
fenproporex	Structure2D_CID_61810.sdf	Conformer3D_CID_61810.sdf
rabies virus vaccine flury-lep strain
lipegfilgrastim	Structure2D_CID_70683024.sdf
ginkgo biloba extract
methoxy polyethylene glycol-epoetin beta
agalsidase beta
epoetin beta
cromoglycate	Structure2D_CID_2882.sdf	Conformer3D_CID_2882.sdf
amphotericin b liposomal	Structure2D_CID_5386092.sdf
platinum	Structure2D_CID_23939.sdf
chloroform	Structure2D_CID_6212.sdf	Conformer3D_CID_6212.sdf
tea leaf oil
polyethylene glycol 3350
undecylenate	Structure2D_CID_5634.sdf	Conformer3D_CID_5634.sdf
bifidobacterium lactis
oat bran
oil of ginger
escherichia coli
lithium sulfate	Structure2D_CID_66320.sdf
viscum album leaf extract
liraglutide	Structure2D_CID_16134956.sdf
samarium sm153	Structure2D_CID_114941.sdf
fiber
indium-111	Structure2D_CID_5462099.sdf
trofosfamide	Structure2D_CID_65702.sdf	Conformer3D_CID_65702.sdf
fluprednisolone	Structure2D_CID_5876.sdf	Conformer3D_CID_5876.sdf
lente insulin, beef	Structure2D_CID_24839622.sdf
potassium iodate	Structure2D_CID_23665710.sdf
maltodextrin
oil of garlic
rotavirus vaccine, live attenuated, g1p[8] human 89-12 strain
hyaluronidase
magnesium ascorbate	Structure2D_CID_54682511.sdf
castor oil
ranibizumab
cellulose	Structure2D_CID_16211032.sdf
trichloroacetaldehyde	Structure2D_CID_6407.sdf	Conformer3D_CID_6407.sdf
domiphen	Structure2D_CID_3149.sdf	Conformer3D_CID_3149.sdf
sodium sulfide	Structure2D_CID_237873.sdf
helicidine
haemophilus influenzae type b, capsular polysaccharide inactivated tetanus toxoid conjugate vaccine
zinc picolinate	Structure2D_CID_9904746.sdf
grape seed
pneumococcal capsular polysaccharide type 9v vaccine
beta sitosterol	Structure2D_CID_222284.sdf	Conformer3D_CID_222284.sdf
theodrenaline	Structure2D_CID_71857.sdf	Conformer3D_CID_71857.sdf
thioctate	Structure2D_CID_5460326.sdf	Conformer3D_CID_5460326.sdf
rabies virus vaccine wistar strain pm-1503-3m (human), inactivated
butane	Structure2D_CID_7843.sdf	Conformer3D_CID_7843.sdf
apazone	Structure2D_CID_26098.sdf	Conformer3D_CID_26098.sdf
factor viia
valerian root extract
belladonna extract, usp
bifidobacterium infantis
licorice extract
interferon gamma-1b
tocilizumab
wheat germ oil
olea europaea leaf extract
tositumomab
iron carbonyl
lactobacillus rhamnosus gg
thrombin	Structure2D_CID_65045.sdf
coconut oil
cod liver oil
monascus purpureus west
manganese chloride	Structure2D_CID_26003.sdf
garlic powder
ramucirumab
tartrazine	Structure2D_CID_164825.sdf
butcher's broom preparation
factor vii
meglumine antimoniate	Structure2D_CID_64953.sdf
magnesium malate	Structure2D_CID_164748.sdf
framycetin	Structure2D_CID_8378.sdf	Conformer3D_CID_8378.sdf
collagen
tenecteplase
antithrombin iii
dulaglutide
aloxiprin	Structure2D_CID_71586929.sdf
policosanol
cobalt	Structure2D_CID_104730.sdf
policresulen	Structure2D_CID_3050404.sdf	Conformer3D_CID_3050404.sdf
thyroglobulin
hypericum oil
dichloroacetate	Structure2D_CID_25975.sdf	Conformer3D_CID_25975.sdf
pancrelipase
liquid petroleum
pegaptanib	Structure2D_CID_56603655.sdf
regular insulin, human
amber
copper gluconate	Structure2D_CID_10692.sdf
cobamamide	Structure2D_CID_6474320.sdf
diethylamine salicylate	Structure2D_CID_9837223.sdf
polyethylene glycol 1450
aldioxa	Structure2D_CID_16683101.sdf
bile salts
alteplase
levorotatory alkaloids of belladonna
monascus purpureus
dimethicone	Structure2D_CID_24705.sdf	Conformer3D_CID_24705.sdf
st. john's wort extract
chymopapain
medrysone	Structure2D_CID_247839.sdf	Conformer3D_CID_247839.sdf
carbomer 1342
hepatitis a vaccine (inactivated) strain hm175
hydroxyethyl starch 130-0.4
ipecac
plantago seed
vitamin e	Structure2D_CID_14985.sdf	Conformer3D_CID_14985.sdf
nattokinase
urokinase
trastuzumab
boron	Structure2D_CID_5462311.sdf
insulin, regular, beef-pork
witch hazel
propylene	Structure2D_CID_8252.sdf	Conformer3D_CID_8252.sdf
alpha-amylase
ustekinumab
sodium pertechnetate tc 99m	Structure2D_CID_23689036.sdf
karaya gum
polynoxylin	Structure2D_CID_62705.sdf
iron	Structure2D_CID_23925.sdf
ferric sulfate	Structure2D_CID_24826.sdf
methylcellulose	Structure2D_CID_44263857.sdf
bismuth	Structure2D_CID_5359367.sdf
cytomegalovirus immune globulin
von willebrand factor
cafedrine	Structure2D_CID_71740.sdf	Conformer3D_CID_71740.sdf
agkistrodon piscivorus antivenin
siltuximab
gadoxetate	Structure2D_CID_56841043.sdf
safflower oil
smallpox vaccine
sulbenicillin	Structure2D_CID_20055036.sdf	Conformer3D_CID_20055036.sdf
sulbutiamine	Structure2D_CID_20055424.sdf
ceramide 2
bifidobacterium bifidum
hydroxypropylcellulose
malic acid	Structure2D_CID_525.sdf	Conformer3D_CID_525.sdf
lymphocyte immune globulin
carbomer
milk thistle fruit
borage oil
poloxamer 188	Structure2D_CID_24751.sdf
standardized senna concentrate
green tea extract
sennosides, usp	Structure2D_CID_656822.sdf
apple cider vinegar
anti-inhibitor coagulant complex
somatrem
interferon beta-1b
hypericum perforatum leaf extract
reviparin
glycine zinc chelate
aurothiomalate	Structure2D_CID_134577.sdf
phosphorus	Structure2D_CID_5462309.sdf
gadolinium	Structure2D_CID_23982.sdf
magnesium orotate	Structure2D_CID_3036905.sdf
streptococcus pneumoniae serotype 9v capsular antigen diphtheria crm197 protein conjugate vaccine
lactobacillus bifidus
prolactin
gadobenate	Structure2D_CID_56840960.sdf
ferric citrate	Structure2D_CID_61300.sdf
brown mixture
tetanus immune globulin
formalin	Structure2D_CID_712.sdf	Conformer3D_CID_712.sdf
insulin human, rdna origin
ferrous fumarate	Structure2D_CID_6433164.sdf
ichthammol
lutropin alfa
grape seed extract
vitamin b 12	Structure2D_CID_5311498.sdf
nesiritide	Structure2D_CID_53395955.sdf
bevacizumab
tocopherol
certolizumab pegol
grape seed oil
insulin, regular, pork
hepatitis a vaccine, inactivated
corticotropin	Structure2D_CID_16132265.sdf
cranberry juice
estrogens, esterified (usp)
nimorazole	Structure2D_CID_23009.sdf	Conformer3D_CID_23009.sdf
chymotrypsin
ado-trastuzumab emtansine
defibrotide
lepirudin	Structure2D_CID_118856773.sdf
cytarabine liposome	Structure2D_CID_6253.sdf	Conformer3D_CID_6253.sdf
interferon alfa-n1
polyethylene glycol 4000
calcium alginate	Structure2D_CID_44630049.sdf
ubiquinone
fosaprepitant	Structure2D_CID_135413538.sdf	Conformer3D_CID_135413538.sdf
casanthranol	Structure2D_CID_51371307.sdf	Conformer3D_CID_51371307.sdf
polystyrene sulfonate	Structure2D_CID_75905.sdf	Conformer3D_CID_75905.sdf
ferrous aspartate	Structure2D_CID_13270162.sdf
mebrofenin	Structure2D_CID_54158.sdf	Conformer3D_CID_54158.sdf
alglucerase
nifuratel	Structure2D_CID_6433427.sdf	Conformer3D_CID_6433427.sdf
danaparoid
ferrous bisglycinate	Structure2D_CID_9837124.sdf
propamidine	Structure2D_CID_64949.sdf	Conformer3D_CID_64949.sdf
darbepoetin alfa
cedar leaf oil
magnesium, chelated
follitropin alfa
inulin
erwinia asparaginase
oil of niaouli
rimabotulinumtoxinb
ferric ammonium citrate	Structure2D_CID_14457.sdf
ferric carboxymaltose	Structure2D_CID_86278165.sdf
dalteparin
indium	Structure2D_CID_5359967.sdf
interferon gamma-1a
streptococcus pneumoniae serotype 7f capsular antigen diphtheria crm197 protein conjugate vaccine
anakinra	Structure2D_CID_139595263.sdf	Conformer3D_CID_139595263.sdf
alpha-d-galactosidase enzyme
rabbit skin extract
milk thistle extract
elosulfase alfa
shark liver oil
ferrous succinate	Structure2D_CID_10464762.sdf
turmeric oil
ruscogenin	Structure2D_CID_441893.sdf	Conformer3D_CID_441893.sdf
cyclopenthiazide	Structure2D_CID_2904.sdf	Conformer3D_CID_2904.sdf
anethole	Structure2D_CID_637563.sdf	Conformer3D_CID_637563.sdf
neisseria meningitidis serogroup y oligosaccharide diphtheria crm197 protein conjugate vaccine
sodium polystyrene sulfonate	Structure2D_CID_75905.sdf	Conformer3D_CID_75905.sdf
laronidase
opium
factor ix
clove oil
interferon alfa-2a
mecasermin
abciximab
interferon beta-1a
rilonacept
alpha 1-antitrypsin
milk thistle seed
cranberry preparation
l1 protein, human papillomavirus type 18 vaccine
taliglucerase alfa
orotic acid	Structure2D_CID_967.sdf	Conformer3D_CID_967.sdf	
hepatitis b surface antigen vaccine
purified protein derivative of tuberculin
daclizumab
gadodiamide	Structure2D_CID_153921.sdf
bismuth subnitrate	Structure2D_CID_73415757.sdf
follitropin beta
interleukin-3
cinnamon bark
parathyroid hormone
spearmint oil
pegaspargase
insulin, isophane
c1 esterase inhibitor
denosumab
typhoid vi polysaccharide vaccine, s typhi ty2 strain
dextran 40	Structure2D_CID_4125253.sdf
vitis vinifera leaf extract
gramicidin	Structure2D_CID_16130140.sdf
peppermint oil
prothrombin
terpin hydrate	Structure2D_CID_17141.sdf
abatacept
germanium	Structure2D_CID_6326954.sdf
halibut liver oil
myrtol
bcg vaccine
alginic acid
ginger root
colestipol	Structure2D_CID_62816.sdf
guar gum
diloxanide	Structure2D_CID_11367.sdf	Conformer3D_CID_11367.sdf
magnesium aspartate	Structure2D_CID_92912.sdf
polysaccharide iron complex
mineral oil, light
testosterone 17-phenylpropionate	Structure2D_CID_14743.sdf	Conformer3D_CID_14743.sdf
ferrous ascorbate	Structure2D_CID_101033550.sdf
gadoteridol	Structure2D_CID_60714.sdf
dihematoporphyrin ether	Structure2D_CID_135577896.sdf
guaietolin	Structure2D_CID_68825.sdf	Conformer3D_CID_68825.sdf
denileukin diftitox
chromium	Structure2D_CID_23976.sdf
latex
glycyrrhiza glabra extract
spirulina
bitolterol	Structure2D_CID_35330.sdf	Conformer3D_CID_35330.sdf
chlorophyllin copper complex
royal jelly
bcg, live, connaught strain
infliximab
sea salt
human cord blood hematopoietic progenitor cell
cayenne extract
rabies immune globulin, human
insulin, glulisine, human
pine bark extract
aflibercept
efalizumab
muromonab-cd3
pramiverine	Structure2D_CID_71681.sdf	Conformer3D_CID_71681.sdf
pancreatin
pentosan polysulfate	Structure2D_CID_37720.sdf	Conformer3D_CID_37720.sdf
pectin	Structure2D_CID_441476.sdf	Conformer3D_CID_441476.sdf
pyrethrum extract
pegfilgrastim
collagen, hydrolyzed
insulin, zinc, human
short ragweed pollen extract
liver extract
black cohosh extract
tea tree oil
gadoversetamide	Structure2D_CID_444013.sdf
rice oil
vasopressin (usp)
insulin, regular, beef
glycol salicylate	Structure2D_CID_6880.sdf	Conformer3D_CID_6880.sdf
ofatumumab
barbexaclone	Structure2D_CID_71196.sdf
amilomer
etanercept
lithium aspartate	Structure2D_CID_87073042.sdf
insulin, zinc, pork
prunus armeniaca seed extract
rabbit anti-human t-lymphocyte globulin
magnesium amino acid chelate
bupivacaine liposome	Structure2D_CID_2474.sdf	Conformer3D_CID_2474.sdf
neisseria meningitidis serogroup y capsular polysaccharide diphtheria toxoid protein conjugate vaccine
hylan g-f 20	Structure2D_CID_24847767.sdf
basiliximab
butamirate	Structure2D_CID_28892.sdf	Conformer3D_CID_28892.sdf
acai oil
bromelains
cetuximab
lauromacrogols
varicella-zoster virus vaccine live (oka-merck) strain
almond oil
velaglucerase alfa
chamomile flower oil
bifidobacterium animalis
horse chestnut preparation
aluminum aspirin	Structure2D_CID_3032790.sdf
polyestradiol
gallium nitrate	Structure2D_CID_61635.sdf
glucametacin	Structure2D_CID_3033980.sdf	Conformer3D_CID_3033980.sdf
insulin, aspart, human
iotrolan	Structure2D_CID_3738.sdf
horse antihuman thymocyte gamma globulin
becaplermin
pembrolizumab
titanium dioxide	Structure2D_CID_26042.sdf
papain
linseed oil
vedolizumab
alibendol	Structure2D_CID_71916.sdf	Conformer3D_CID_71916.sdf
trypsin	Structure2D_CID_5311489.sdf
ethyl chloride	Structure2D_CID_6337.sdf	Conformer3D_CID_6337.sdf
fibrinogen concentrate (human)
l1 protein, human papillomavirus type 6 vaccine
providone-iodine
ferrous gluconate	Structure2D_CID_23616740.sdf
formic acid	Structure2D_CID_284.sdf	Conformer3D_CID_284.sdf
zipeprol	Structure2D_CID_36910.sdf	Conformer3D_CID_36910.sdf
cinitapride	Structure2D_CID_68867.sdf	Conformer3D_CID_68867.sdf
galsulfase	
povidone-iodine	Structure2D_CID_410087.sdf
ginko biloba leaf oil
bismuth subgallate	Structure2D_CID_16682999.sdf
secukinumab
potassium carbonate	Structure2D_CID_11430.sdf
technetium 99m	Structure2D_CID_26476.sdf
ferumoxytol	Structure2D_CID_14789.sdf
iron-dextran complex
ammonia	Structure2D_CID_222.sdf
yttrium	Structure2D_CID_23993.sdf
loteprednol	Structure2D_CID_9865442.sdf	Conformer3D_CID_9865442.sdf
olive oil
geranylgeranylacetone	Structure2D_CID_5282199.sdf	Conformer3D_CID_5282199.sdf
measles virus vaccine live, enders' attenuated edmonston strain
ferrous glycine sulfate	Structure2D_CID_127024065.sdf
salix alba bark extract
alefacept
pomegranate seed oil
lipase
ispaghula husk
sodium chlorite	Structure2D_CID_23668197.sdf
collagenase clostridium histolyticum
metyrosine	Structure2D_CID_441350.sdf	Conformer3D_CID_441350.sdf
botulinum toxin type a
ecallantide	Structure2D_CID_44152182.sdf
haemophilus b conjugate vaccine
plasmin
radium	Structure2D_CID_6328144.sdf
plasma protein fraction
ferric pyrophosphate	Structure2D_CID_24877.sdf
iodine povacrylex
aluminum acetate	Structure2D_CID_8757.sdf
magnesium sulfate heptahydrate	Structure2D_CID_24843.sdf
polyethylene glycols
spectinomycin	Structure2D_CID_15541.sdf	Conformer3D_CID_15541.sdf
mineral oil
enoxaparin	Structure2D_CID_772.sdf
beclamide	Structure2D_CID_10391.sdf	Conformer3D_CID_10391.sdf
golimumab
poloxamer 234
5-hydroxytryptophan	Structure2D_CID_144.sdf	Conformer3D_CID_144.sdf
placebo
albumin human, usp
morphine liposomal
adalimumab
pegloticase
attapulgite
iodine-131-tositumomab
pepsin a
guaiacolsulfonic acid	Structure2D_CID_4874.sdf	Conformer3D_CID_4874.sdf
hypromellose 2910 (10000 mpa.s)
bemiparin	Structure2D_CID_772.sdf
glucose oxidase
licorice	Structure2D_CID_163463.sdf
estrogens, conjugated (usp)
hepatitis b virus
zinc, chelated
technetium tc 99m sestamibi	Structure2D_CID_5384.sdf
synthetic conjugated estrogens, a
immunoglobulin g
bornaprine	Structure2D_CID_30160.sdf	Conformer3D_CID_30160.sdf
eucalyptus oil
hydroxypropyl methylcellulose 2910
peginterferon beta-1a
aluminum	Structure2D_CID_5359268.sdf
bay leaf oil
dalbavancin	Structure2D_CID_16134627.sdf
aluminum silicate
polyethylene glycol 1000
paramethasone	Structure2D_CID_5875.sdf	Conformer3D_CID_5875.sdf
poloxamer	Structure2D_CID_24751.sdf
peginesatide
ipilimumab
chorionic gonadotropin
antioxidant 119	Structure2D_CID_163763.sdf
vitamin k 2	Structure2D_CID_5282367.sdf	Conformer3D_CID_5282367.sdf
poractant alfa
manganese sulfate	Structure2D_CID_24580.sdf
dolomite
black currant oil
panitumumab
tetanus toxoid vaccine, inactivated
vincristine liposome	Structure2D_CID_5978.sdf
povidone
synthetic conjugated estrogens, b
glibornuride	Structure2D_CID_12818200.sdf	Conformer3D_CID_12818200.sdf
levomenthol	Structure2D_CID_16666.sdf	Conformer3D_CID_16666.sdf
alemtuzumab
pegademase bovine
batilol	Structure2D_CID_3681.sdf
